,Mutation,Residue_Conc,Resistance,Residue,Source,Full_residuem
0,A,T1_Exp,0.0,T1,Exp,T1A
1,C,T1_Exp,0.0,T1,Exp,T1C
2,D,T1_Exp,0.0,T1,Exp,T1D
3,E,T1_Exp,0.0,T1,Exp,T1E
4,F,T1_Exp,0.0,T1,Exp,T1F
5,G,T1_Exp,0.0,T1,Exp,T1G
6,H,T1_Exp,0.0,T1,Exp,T1H
7,I,T1_Exp,0.0,T1,Exp,T1I
8,K,T1_Exp,0.0,T1,Exp,T1K
9,L,T1_Exp,0.0,T1,Exp,T1L
10,M,T1_Exp,0.0,T1,Exp,T1M
11,N,T1_Exp,0.0,T1,Exp,T1N
12,P,T1_Exp,0.0,T1,Exp,T1P
13,Q,T1_Exp,0.0,T1,Exp,T1Q
14,R,T1_Exp,0.0,T1,Exp,T1R
15,S,T1_Exp,0.0,T1,Exp,T1S
16,T,T1_Exp,0.0,T1,Exp,T1T
17,V,T1_Exp,0.0,T1,Exp,T1V
18,W,T1_Exp,0.0,T1,Exp,T1W
19,Y,T1_Exp,0.0,T1,Exp,T1Y
20,A,T1_Pred,1.66425,T1,Pred,T1A
21,C,T1_Pred,1.55175,T1,Pred,T1C
22,D,T1_Pred,1.5054999999999998,T1,Pred,T1D
23,E,T1_Pred,-0.48975,T1,Pred,T1E
24,F,T1_Pred,-3.4345,T1,Pred,T1F
25,G,T1_Pred,3.8745,T1,Pred,T1G
26,H,T1_Pred,-1.304,T1,Pred,T1H
27,I,T1_Pred,-1.83725,T1,Pred,T1I
28,K,T1_Pred,3.460500000000001,T1,Pred,T1K
29,L,T1_Pred,-3.469,T1,Pred,T1L
30,M,T1_Pred,-4.5595,T1,Pred,T1M
31,N,T1_Pred,-0.14275,T1,Pred,T1N
32,P,T1_Pred,4.8715,T1,Pred,T1P
33,Q,T1_Pred,-0.51675,T1,Pred,T1Q
34,R,T1_Pred,-1.466,T1,Pred,T1R
35,S,T1_Pred,0.98325,T1,Pred,T1S
36,T,T1_Pred,0.0,T1,Pred,T1T
37,V,T1_Pred,0.2669999999999999,T1,Pred,T1V
38,W,T1_Pred,-2.841629720551181,T1,Pred,T1W
39,Y,T1_Pred,-4.753,T1,Pred,T1Y
40,A,S21_Exp,0.0,S21,Exp,S21A
41,C,S21_Exp,0.0,S21,Exp,S21C
42,D,S21_Exp,0.0,S21,Exp,S21D
43,E,S21_Exp,0.0,S21,Exp,S21E
44,F,S21_Exp,0.0,S21,Exp,S21F
45,G,S21_Exp,0.0,S21,Exp,S21G
46,H,S21_Exp,0.0,S21,Exp,S21H
47,I,S21_Exp,0.0,S21,Exp,S21I
48,K,S21_Exp,0.0,S21,Exp,S21K
49,L,S21_Exp,0.0,S21,Exp,S21L
50,M,S21_Exp,0.0,S21,Exp,S21M
51,N,S21_Exp,0.0,S21,Exp,S21N
52,P,S21_Exp,0.0,S21,Exp,S21P
53,Q,S21_Exp,0.0,S21,Exp,S21Q
54,R,S21_Exp,0.0,S21,Exp,S21R
55,S,S21_Exp,0.0,S21,Exp,S21S
56,T,S21_Exp,0.0,S21,Exp,S21T
57,V,S21_Exp,0.0,S21,Exp,S21V
58,W,S21_Exp,0.0,S21,Exp,S21W
59,Y,S21_Exp,0.0,S21,Exp,S21Y
60,A,S21_Pred,0.21225,S21,Pred,S21A
61,C,S21_Pred,0.09225,S21,Pred,S21C
62,D,S21_Pred,0.0404010846456692,S21,Pred,S21D
63,E,S21_Pred,-0.5337848222244094,S21,Pred,S21E
64,F,S21_Pred,-1.8217846748031497,S21,Pred,S21F
65,G,S21_Pred,1.3857369587007873,S21,Pred,S21G
66,H,S21_Pred,-2.576405404281497,S21,Pred,S21H
67,I,S21_Pred,-0.9805,S21,Pred,S21I
68,K,S21_Pred,2.6790627442716537,S21,Pred,S21K
69,L,S21_Pred,-1.2926222900590554,S21,Pred,S21L
70,M,S21_Pred,-3.55575,S21,Pred,S21M
71,N,S21_Pred,1.88825,S21,Pred,S21N
72,P,S21_Pred,1.0711627811122046,S21,Pred,S21P
73,Q,S21_Pred,-0.7613245498228348,S21,Pred,S21Q
74,R,S21_Pred,-2.4898741332726377,S21,Pred,S21R
75,S,S21_Pred,0.0,S21,Pred,S21S
76,T,S21_Pred,-1.20525,S21,Pred,S21T
77,V,S21_Pred,-1.468,S21,Pred,S21V
78,W,S21_Pred,-0.3993562165748034,S21,Pred,S21W
79,Y,S21_Pred,1.0042374159744096,S21,Pred,S21Y
80,A,S22_Exp,0.0,S22,Exp,S22A
81,C,S22_Exp,0.0,S22,Exp,S22C
82,D,S22_Exp,0.0,S22,Exp,S22D
83,E,S22_Exp,0.0,S22,Exp,S22E
84,F,S22_Exp,0.0,S22,Exp,S22F
85,G,S22_Exp,0.0,S22,Exp,S22G
86,H,S22_Exp,0.0,S22,Exp,S22H
87,I,S22_Exp,0.0,S22,Exp,S22I
88,K,S22_Exp,0.0,S22,Exp,S22K
89,L,S22_Exp,0.0,S22,Exp,S22L
90,M,S22_Exp,0.0,S22,Exp,S22M
91,N,S22_Exp,0.0,S22,Exp,S22N
92,P,S22_Exp,0.0,S22,Exp,S22P
93,Q,S22_Exp,0.0,S22,Exp,S22Q
94,R,S22_Exp,0.0,S22,Exp,S22R
95,S,S22_Exp,0.0,S22,Exp,S22S
96,T,S22_Exp,0.0,S22,Exp,S22T
97,V,S22_Exp,0.0,S22,Exp,S22V
98,W,S22_Exp,0.0,S22,Exp,S22W
99,Y,S22_Exp,0.0,S22,Exp,S22Y
100,A,S22_Pred,-0.19925,S22,Pred,S22A
101,C,S22_Pred,-0.09475,S22,Pred,S22C
102,D,S22_Pred,0.1132499999999999,S22,Pred,S22D
103,E,S22_Pred,0.15025,S22,Pred,S22E
104,F,S22_Pred,-0.122,S22,Pred,S22F
105,G,S22_Pred,-0.39625,S22,Pred,S22G
106,H,S22_Pred,-0.46975,S22,Pred,S22H
107,I,S22_Pred,-0.49775,S22,Pred,S22I
108,K,S22_Pred,0.275,S22,Pred,S22K
109,L,S22_Pred,-0.68225,S22,Pred,S22L
110,M,S22_Pred,-0.19375,S22,Pred,S22M
111,N,S22_Pred,-0.01275,S22,Pred,S22N
112,P,S22_Pred,-0.343245609667815,S22,Pred,S22P
113,Q,S22_Pred,-0.75375,S22,Pred,S22Q
114,R,S22_Pred,-0.1815,S22,Pred,S22R
115,S,S22_Pred,0.0,S22,Pred,S22S
116,T,S22_Pred,0.25475,S22,Pred,S22T
117,V,S22_Pred,-0.4255,S22,Pred,S22V
118,W,S22_Pred,-0.881,S22,Pred,S22W
119,Y,S22_Pred,-0.3945,S22,Pred,S22Y
120,A,G23_Exp,0.0,G23,Exp,G23A
121,C,G23_Exp,0.0,G23,Exp,G23C
122,D,G23_Exp,0.0,G23,Exp,G23D
123,E,G23_Exp,0.0,G23,Exp,G23E
124,F,G23_Exp,0.0,G23,Exp,G23F
125,G,G23_Exp,0.0,G23,Exp,G23G
126,H,G23_Exp,0.0,G23,Exp,G23H
127,I,G23_Exp,0.0,G23,Exp,G23I
128,K,G23_Exp,0.0,G23,Exp,G23K
129,L,G23_Exp,0.0,G23,Exp,G23L
130,M,G23_Exp,0.0,G23,Exp,G23M
131,N,G23_Exp,0.0,G23,Exp,G23N
132,P,G23_Exp,0.0,G23,Exp,G23P
133,Q,G23_Exp,0.0,G23,Exp,G23Q
134,R,G23_Exp,0.0,G23,Exp,G23R
135,S,G23_Exp,0.0,G23,Exp,G23S
136,T,G23_Exp,0.0,G23,Exp,G23T
137,V,G23_Exp,0.0,G23,Exp,G23V
138,W,G23_Exp,0.0,G23,Exp,G23W
139,Y,G23_Exp,0.0,G23,Exp,G23Y
140,A,G23_Pred,-0.8615,G23,Pred,G23A
141,C,G23_Pred,0.1646569684251968,G23,Pred,G23C
142,D,G23_Pred,-0.47575,G23,Pred,G23D
143,E,G23_Pred,-0.5455,G23,Pred,G23E
144,F,G23_Pred,-0.9467219400590552,G23,Pred,G23F
145,G,G23_Pred,0.0,G23,Pred,G23G
146,H,G23_Pred,-0.6560888403740158,G23,Pred,G23H
147,I,G23_Pred,-0.914836787893701,G23,Pred,G23I
148,K,G23_Pred,0.90925,G23,Pred,G23K
149,L,G23_Pred,-1.2390518118897638,G23,Pred,G23L
150,M,G23_Pred,-1.1171198705708665,G23,Pred,G23M
151,N,G23_Pred,-1.96975,G23,Pred,G23N
152,P,G23_Pred,-2.4056090932086622,G23,Pred,G23P
153,Q,G23_Pred,-0.8570701790551182,G23,Pred,G23Q
154,R,G23_Pred,0.0709951044881889,G23,Pred,G23R
155,S,G23_Pred,-0.318,G23,Pred,G23S
156,T,G23_Pred,-1.552543850206693,G23,Pred,G23T
157,V,G23_Pred,-0.4579057019808072,G23,Pred,G23V
158,W,G23_Pred,-0.8511023161417326,G23,Pred,G23W
159,Y,G23_Pred,-1.8836045503937011,G23,Pred,G23Y
160,A,A46_Exp,0.0,A46,Exp,A46A
161,C,A46_Exp,0.0,A46,Exp,A46C
162,D,A46_Exp,0.0,A46,Exp,A46D
163,E,A46_Exp,0.0,A46,Exp,A46E
164,F,A46_Exp,0.0,A46,Exp,A46F
165,G,A46_Exp,0.0,A46,Exp,A46G
166,H,A46_Exp,0.0,A46,Exp,A46H
167,I,A46_Exp,0.0,A46,Exp,A46I
168,K,A46_Exp,0.0,A46,Exp,A46K
169,L,A46_Exp,0.0,A46,Exp,A46L
170,M,A46_Exp,0.0,A46,Exp,A46M
171,N,A46_Exp,0.0,A46,Exp,A46N
172,P,A46_Exp,0.0,A46,Exp,A46P
173,Q,A46_Exp,0.0,A46,Exp,A46Q
174,R,A46_Exp,0.0,A46,Exp,A46R
175,S,A46_Exp,0.0,A46,Exp,A46S
176,T,A46_Exp,0.0,A46,Exp,A46T
177,V,A46_Exp,0.0,A46,Exp,A46V
178,W,A46_Exp,0.0,A46,Exp,A46W
179,Y,A46_Exp,0.0,A46,Exp,A46Y
180,A,A46_Pred,0.0,A46,Pred,A46A
181,C,A46_Pred,-0.06175,A46,Pred,A46C
182,D,A46_Pred,1.724040239429134,A46,Pred,A46D
183,E,A46_Pred,1.4526759553051178,A46,Pred,A46E
184,F,A46_Pred,-0.5382698543700787,A46,Pred,A46F
185,G,A46_Pred,1.0585,A46,Pred,A46G
186,H,A46_Pred,0.4410140611122047,A46,Pred,A46H
187,I,A46_Pred,0.0094872971784776,A46,Pred,A46I
188,K,A46_Pred,1.6722795956200796,A46,Pred,A46K
189,L,A46_Pred,-0.3359051743044621,A46,Pred,A46L
190,M,A46_Pred,-0.6993709520669291,A46,Pred,A46M
191,N,A46_Pred,0.8547351869094488,A46,Pred,A46N
192,P,A46_Pred,-0.7835683252952755,A46,Pred,A46P
193,Q,A46_Pred,0.9670042834645668,A46,Pred,A46Q
194,R,A46_Pred,0.3634171795472443,A46,Pred,A46R
195,S,A46_Pred,0.7845000000000001,A46,Pred,A46S
196,T,A46_Pred,-0.339,A46,Pred,A46T
197,V,A46_Pred,-0.0563008209251968,A46,Pred,A46V
198,W,A46_Pred,1.218826683740159,A46,Pred,A46W
199,Y,A46_Pred,-0.9552735259251972,A46,Pred,A46Y
200,A,G47_Exp,0.0,G47,Exp,G47A
201,C,G47_Exp,0.0,G47,Exp,G47C
202,D,G47_Exp,0.0,G47,Exp,G47D
203,E,G47_Exp,0.0,G47,Exp,G47E
204,F,G47_Exp,0.0,G47,Exp,G47F
205,G,G47_Exp,0.0,G47,Exp,G47G
206,H,G47_Exp,0.0,G47,Exp,G47H
207,I,G47_Exp,0.0,G47,Exp,G47I
208,K,G47_Exp,0.0,G47,Exp,G47K
209,L,G47_Exp,0.0,G47,Exp,G47L
210,M,G47_Exp,0.0,G47,Exp,G47M
211,N,G47_Exp,0.0,G47,Exp,G47N
212,P,G47_Exp,0.0,G47,Exp,G47P
213,Q,G47_Exp,0.0,G47,Exp,G47Q
214,R,G47_Exp,0.0,G47,Exp,G47R
215,S,G47_Exp,0.0,G47,Exp,G47S
216,T,G47_Exp,0.0,G47,Exp,G47T
217,V,G47_Exp,0.0,G47,Exp,G47V
218,W,G47_Exp,0.0,G47,Exp,G47W
219,Y,G47_Exp,0.0,G47,Exp,G47Y
220,A,G47_Pred,0.3082968485039369,G47,Pred,G47A
221,C,G47_Pred,0.6325962140255905,G47,Pred,G47C
222,D,G47_Pred,3.5562741685039376,G47,Pred,G47D
223,E,G47_Pred,0.4220240589566931,G47,Pred,G47E
224,F,G47_Pred,0.0,G47,Pred,G47F
225,G,G47_Pred,0.0,G47,Pred,G47G
226,H,G47_Pred,0.613916215009843,G47,Pred,G47H
227,I,G47_Pred,-0.0,G47,Pred,G47I
228,K,G47_Pred,1.33043405952756,G47,Pred,G47K
229,L,G47_Pred,-0.0,G47,Pred,G47L
230,M,G47_Pred,0.0,G47,Pred,G47M
231,N,G47_Pred,1.0674196055905514,G47,Pred,G47N
232,P,G47_Pred,-0.3520620161072835,G47,Pred,G47P
233,Q,G47_Pred,-0.8292612797244097,G47,Pred,G47Q
234,R,G47_Pred,0.8758025662565616,G47,Pred,G47R
235,S,G47_Pred,1.6001110013254594,G47,Pred,G47S
236,T,G47_Pred,0.779296794222441,G47,Pred,G47T
237,V,G47_Pred,-0.1778884857283466,G47,Pred,G47V
238,W,G47_Pred,-0.0,G47,Pred,G47W
239,Y,G47_Pred,-0.0,G47,Pred,G47Y
240,A,G48_Exp,0.0,G48,Exp,G48A
241,C,G48_Exp,0.0,G48,Exp,G48C
242,D,G48_Exp,0.0,G48,Exp,G48D
243,E,G48_Exp,0.0,G48,Exp,G48E
244,F,G48_Exp,0.0,G48,Exp,G48F
245,G,G48_Exp,0.0,G48,Exp,G48G
246,H,G48_Exp,0.0,G48,Exp,G48H
247,I,G48_Exp,0.0,G48,Exp,G48I
248,K,G48_Exp,0.0,G48,Exp,G48K
249,L,G48_Exp,0.0,G48,Exp,G48L
250,M,G48_Exp,0.0,G48,Exp,G48M
251,N,G48_Exp,0.0,G48,Exp,G48N
252,P,G48_Exp,0.0,G48,Exp,G48P
253,Q,G48_Exp,0.0,G48,Exp,G48Q
254,R,G48_Exp,0.0,G48,Exp,G48R
255,S,G48_Exp,0.0,G48,Exp,G48S
256,T,G48_Exp,0.0,G48,Exp,G48T
257,V,G48_Exp,0.0,G48,Exp,G48V
258,W,G48_Exp,0.0,G48,Exp,G48W
259,Y,G48_Exp,0.0,G48,Exp,G48Y
260,A,G48_Pred,0.0055,G48,Pred,G48A
261,C,G48_Pred,-0.3447784423228346,G48,Pred,G48C
262,D,G48_Pred,-0.0072070187795275,G48,Pred,G48D
263,E,G48_Pred,-0.1729009712992126,G48,Pred,G48E
264,F,G48_Pred,0.0,G48,Pred,G48F
265,G,G48_Pred,0.0,G48,Pred,G48G
266,H,G48_Pred,-0.3783643123818899,G48,Pred,G48H
267,I,G48_Pred,-0.0932719788057736,G48,Pred,G48I
268,K,G48_Pred,0.0405023631692913,G48,Pred,G48K
269,L,G48_Pred,-0.1308678019881892,G48,Pred,G48L
270,M,G48_Pred,-1.1995031320866143,G48,Pred,G48M
271,N,G48_Pred,-0.36375,G48,Pred,G48N
272,P,G48_Pred,-1.0727410872293306,G48,Pred,G48P
273,Q,G48_Pred,-0.872831267519685,G48,Pred,G48Q
274,R,G48_Pred,-0.5918050765009842,G48,Pred,G48R
275,S,G48_Pred,-0.61,G48,Pred,G48S
276,T,G48_Pred,-0.5193503811269684,G48,Pred,G48T
277,V,G48_Pred,-0.5493817592864174,G48,Pred,G48V
278,W,G48_Pred,-0.0,G48,Pred,G48W
279,Y,G48_Pred,0.0,G48,Pred,G48Y
280,A,S96_Exp,0.0,S96,Exp,S96A
281,C,S96_Exp,0.0,S96,Exp,S96C
282,D,S96_Exp,0.0,S96,Exp,S96D
283,E,S96_Exp,0.0,S96,Exp,S96E
284,F,S96_Exp,0.0,S96,Exp,S96F
285,G,S96_Exp,0.0,S96,Exp,S96G
286,H,S96_Exp,0.0,S96,Exp,S96H
287,I,S96_Exp,0.0,S96,Exp,S96I
288,K,S96_Exp,0.0,S96,Exp,S96K
289,L,S96_Exp,0.0,S96,Exp,S96L
290,M,S96_Exp,0.0,S96,Exp,S96M
291,N,S96_Exp,0.0,S96,Exp,S96N
292,P,S96_Exp,0.0,S96,Exp,S96P
293,Q,S96_Exp,0.0,S96,Exp,S96Q
294,R,S96_Exp,0.0,S96,Exp,S96R
295,S,S96_Exp,0.0,S96,Exp,S96S
296,T,S96_Exp,0.0,S96,Exp,S96T
297,V,S96_Exp,0.0,S96,Exp,S96V
298,W,S96_Exp,0.0,S96,Exp,S96W
299,Y,S96_Exp,0.0,S96,Exp,S96Y
300,A,S96_Pred,-0.0775,S96,Pred,S96A
301,C,S96_Pred,-0.73925,S96,Pred,S96C
302,D,S96_Pred,0.72,S96,Pred,S96D
303,E,S96_Pred,0.266,S96,Pred,S96E
304,F,S96_Pred,-2.011,S96,Pred,S96F
305,G,S96_Pred,0.06025,S96,Pred,S96G
306,H,S96_Pred,-2.66225,S96,Pred,S96H
307,I,S96_Pred,-1.49275,S96,Pred,S96I
308,K,S96_Pred,-1.62775,S96,Pred,S96K
309,L,S96_Pred,-2.996,S96,Pred,S96L
310,M,S96_Pred,-3.5675,S96,Pred,S96M
311,N,S96_Pred,-1.12375,S96,Pred,S96N
312,P,S96_Pred,-0.486,S96,Pred,S96P
313,Q,S96_Pred,-1.37025,S96,Pred,S96Q
314,R,S96_Pred,-4.974,S96,Pred,S96R
315,S,S96_Pred,0.0,S96,Pred,S96S
316,T,S96_Pred,-0.499,S96,Pred,S96T
317,V,S96_Pred,-1.10125,S96,Pred,S96V
318,W,S96_Pred,-8.00275,S96,Pred,S96W
319,Y,S96_Pred,-3.89775,S96,Pred,S96Y
320,A,M97_Exp,0.0,M97,Exp,M97A
321,C,M97_Exp,0.0,M97,Exp,M97C
322,D,M97_Exp,0.0,M97,Exp,M97D
323,E,M97_Exp,0.0,M97,Exp,M97E
324,F,M97_Exp,0.0,M97,Exp,M97F
325,G,M97_Exp,0.0,M97,Exp,M97G
326,H,M97_Exp,0.0,M97,Exp,M97H
327,I,M97_Exp,0.0,M97,Exp,M97I
328,K,M97_Exp,0.0,M97,Exp,M97K
329,L,M97_Exp,0.0,M97,Exp,M97L
330,M,M97_Exp,0.0,M97,Exp,M97M
331,N,M97_Exp,0.0,M97,Exp,M97N
332,P,M97_Exp,0.0,M97,Exp,M97P
333,Q,M97_Exp,0.0,M97,Exp,M97Q
334,R,M97_Exp,0.0,M97,Exp,M97R
335,S,M97_Exp,0.0,M97,Exp,M97S
336,T,M97_Exp,0.0,M97,Exp,M97T
337,V,M97_Exp,0.0,M97,Exp,M97V
338,W,M97_Exp,0.0,M97,Exp,M97W
339,Y,M97_Exp,0.0,M97,Exp,M97Y
340,A,M97_Pred,0.077,M97,Pred,M97A
341,C,M97_Pred,0.59325,M97,Pred,M97C
342,D,M97_Pred,0.0,M97,Pred,M97D
343,E,M97_Pred,0.0565878941141733,M97,Pred,M97E
344,F,M97_Pred,0.1685,M97,Pred,M97F
345,G,M97_Pred,0.0149372068405512,M97,Pred,M97G
346,H,M97_Pred,-0.2634558621259842,M97,Pred,M97H
347,I,M97_Pred,0.71925,M97,Pred,M97I
348,K,M97_Pred,0.0780129050885826,M97,Pred,M97K
349,L,M97_Pred,0.518,M97,Pred,M97L
350,M,M97_Pred,0.0,M97,Pred,M97M
351,N,M97_Pred,0.1292669293110236,M97,Pred,M97N
352,P,M97_Pred,0.3798459563607284,M97,Pred,M97P
353,Q,M97_Pred,-0.0705200415748031,M97,Pred,M97Q
354,R,M97_Pred,-0.2593632421062992,M97,Pred,M97R
355,S,M97_Pred,0.3235380391978346,M97,Pred,M97S
356,T,M97_Pred,-0.14475,M97,Pred,M97T
357,V,M97_Pred,0.6819999999999999,M97,Pred,M97V
358,W,M97_Pred,-0.2290315152755906,M97,Pred,M97W
359,Y,M97_Pred,0.2389627173720472,M97,Pred,M97Y
360,A,G98_Exp,0.8705450102066115,G98,Exp,G98A
361,C,G98_Exp,1.8408689236871671,G98,Exp,G98C
362,D,G98_Exp,0.0,G98,Exp,G98D
363,E,G98_Exp,0.0,G98,Exp,G98E
364,F,G98_Exp,0.0,G98,Exp,G98F
365,G,G98_Exp,0.0,G98,Exp,G98G
366,H,G98_Exp,1.6672820470333454,G98,Exp,G98H
367,I,G98_Exp,0.0,G98,Exp,G98I
368,K,G98_Exp,0.0,G98,Exp,G98K
369,L,G98_Exp,0.0,G98,Exp,G98L
370,M,G98_Exp,0.0,G98,Exp,G98M
371,N,G98_Exp,1.3326655922661104,G98,Exp,G98N
372,P,G98_Exp,0.0,G98,Exp,G98P
373,Q,G98_Exp,1.155184589682423,G98,Exp,G98Q
374,R,G98_Exp,0.0,G98,Exp,G98R
375,S,G98_Exp,1.8074681309497551,G98,Exp,G98S
376,T,G98_Exp,0.0,G98,Exp,G98T
377,V,G98_Exp,0.0,G98,Exp,G98V
378,W,G98_Exp,0.0,G98,Exp,G98W
379,Y,G98_Exp,1.0403355134145622,G98,Exp,G98Y
380,A,G98_Pred,2.1215,G98,Pred,G98A
381,C,G98_Pred,3.901499999999999,G98,Pred,G98C
382,D,G98_Pred,5.554729729872049,G98,Pred,G98D
383,E,G98_Pred,6.4002153514960645,G98,Pred,G98E
384,F,G98_Pred,2.3354498903051195,G98,Pred,G98F
385,G,G98_Pred,0.0,G98,Pred,G98G
386,H,G98_Pred,6.789810799163387,G98,Pred,G98H
387,I,G98_Pred,1.2117895977690294,G98,Pred,G98I
388,K,G98_Pred,7.383258863474411,G98,Pred,G98K
389,L,G98_Pred,0.5073317357742784,G98,Pred,G98L
390,M,G98_Pred,0.8727786866141736,G98,Pred,G98M
391,N,G98_Pred,3.8065079333267713,G98,Pred,G98N
392,P,G98_Pred,-0.0343364745324803,G98,Pred,G98P
393,Q,G98_Pred,4.845642263533465,G98,Pred,G98Q
394,R,G98_Pred,2.641581987506562,G98,Pred,G98R
395,S,G98_Pred,2.8694999999999995,G98,Pred,G98S
396,T,G98_Pred,3.40599811898376,G98,Pred,G98T
397,V,G98_Pred,2.623506663622047,G98,Pred,G98V
398,W,G98_Pred,0.0,G98,Pred,G98W
399,Y,G98_Pred,1.449273017952757,G98,Pred,G98Y
400,A,Y113_Exp,1.8410124209565728,Y113,Exp,Y113A
401,C,Y113_Exp,1.1446172926328746,Y113,Exp,Y113C
402,D,Y113_Exp,1.7768068718229442,Y113,Exp,Y113D
403,E,Y113_Exp,1.3656094453602805,Y113,Exp,Y113E
404,F,Y113_Exp,1.126412847112399,Y113,Exp,Y113F
405,G,Y113_Exp,1.7972747974101235,Y113,Exp,Y113G
406,H,Y113_Exp,0.547520721,Y113,Exp,Y113H
407,I,Y113_Exp,1.2179352647194284,Y113,Exp,Y113I
408,K,Y113_Exp,1.6084637175510317,Y113,Exp,Y113K
409,L,Y113_Exp,0.8117864355242901,Y113,Exp,Y113L
410,M,Y113_Exp,0.6200713879850746,Y113,Exp,Y113M
411,N,Y113_Exp,1.4766077439882483,Y113,Exp,Y113N
412,P,Y113_Exp,0.0,Y113,Exp,Y113P
413,Q,Y113_Exp,1.3848959601074844,Y113,Exp,Y113Q
414,R,Y113_Exp,0.0,Y113,Exp,Y113R
415,S,Y113_Exp,1.781274791210346,Y113,Exp,Y113S
416,T,Y113_Exp,1.469578546904386,Y113,Exp,Y113T
417,V,Y113_Exp,1.409992856920142,Y113,Exp,Y113V
418,W,Y113_Exp,0.0,Y113,Exp,Y113W
419,Y,Y113_Exp,0.0,Y113,Exp,Y113Y
420,A,Y113_Pred,10.18668983897638,Y113,Pred,Y113A
421,C,Y113_Pred,9.453499999999998,Y113,Pred,Y113C
422,D,Y113_Pred,6.085535489025592,Y113,Pred,Y113D
423,E,Y113_Pred,8.017496545984253,Y113,Pred,Y113E
424,F,Y113_Pred,3.66575,Y113,Pred,Y113F
425,G,Y113_Pred,6.807556224640747,Y113,Pred,Y113G
426,H,Y113_Pred,4.758749999999999,Y113,Pred,Y113H
427,I,Y113_Pred,8.13725,Y113,Pred,Y113I
428,K,Y113_Pred,9.817146463464566,Y113,Pred,Y113K
429,L,Y113_Pred,7.7805,Y113,Pred,Y113L
430,M,Y113_Pred,3.9605,Y113,Pred,Y113M
431,N,Y113_Pred,8.484197610059056,Y113,Pred,Y113N
432,P,Y113_Pred,3.0400782392716534,Y113,Pred,Y113P
433,Q,Y113_Pred,6.5265,Y113,Pred,Y113Q
434,R,Y113_Pred,7.823219217214567,Y113,Pred,Y113R
435,S,Y113_Pred,9.63711272465223,Y113,Pred,Y113S
436,T,Y113_Pred,8.318943383385825,Y113,Pred,Y113T
437,V,Y113_Pred,8.72175,Y113,Pred,Y113V
438,W,Y113_Pred,3.064,Y113,Pred,Y113W
439,Y,Y113_Pred,0.0,Y113,Pred,Y113Y
440,A,D115_Exp,0.0,D115,Exp,D115A
441,C,D115_Exp,0.0,D115,Exp,D115C
442,D,D115_Exp,0.0,D115,Exp,D115D
443,E,D115_Exp,0.0,D115,Exp,D115E
444,F,D115_Exp,0.0,D115,Exp,D115F
445,G,D115_Exp,0.0,D115,Exp,D115G
446,H,D115_Exp,0.0,D115,Exp,D115H
447,I,D115_Exp,0.0,D115,Exp,D115I
448,K,D115_Exp,0.0,D115,Exp,D115K
449,L,D115_Exp,0.0,D115,Exp,D115L
450,M,D115_Exp,0.0,D115,Exp,D115M
451,N,D115_Exp,0.9685260335771932,D115,Exp,D115N
452,P,D115_Exp,0.0,D115,Exp,D115P
453,Q,D115_Exp,0.0,D115,Exp,D115Q
454,R,D115_Exp,0.0,D115,Exp,D115R
455,S,D115_Exp,0.0,D115,Exp,D115S
456,T,D115_Exp,0.0,D115,Exp,D115T
457,V,D115_Exp,0.0,D115,Exp,D115V
458,W,D115_Exp,0.0,D115,Exp,D115W
459,Y,D115_Exp,0.0,D115,Exp,D115Y
460,A,D115_Pred,0.2089815257037401,D115,Pred,D115A
461,C,D115_Pred,0.1177499999999999,D115,Pred,D115C
462,D,D115_Pred,0.37825,D115,Pred,D115D
463,E,D115_Pred,0.7465,D115,Pred,D115E
464,F,D115_Pred,-1.384260496358268,D115,Pred,D115F
465,G,D115_Pred,1.5597799657972442,D115,Pred,D115G
466,H,D115_Pred,-1.29225,D115,Pred,D115H
467,I,D115_Pred,0.135145598687664,D115,Pred,D115I
468,K,D115_Pred,2.3785580566929134,D115,Pred,D115K
469,L,D115_Pred,0.2456643089895013,D115,Pred,D115L
470,M,D115_Pred,-1.6438910477952755,D115,Pred,D115M
471,N,D115_Pred,0.811,D115,Pred,D115N
472,P,D115_Pred,0.203528477559055,D115,Pred,D115P
473,Q,D115_Pred,1.063158530757874,D115,Pred,D115Q
474,R,D115_Pred,0.9497072573884516,D115,Pred,D115R
475,S,D115_Pred,0.3135,D115,Pred,D115S
476,T,D115_Pred,0.0139999999999999,D115,Pred,D115T
477,V,D115_Pred,0.0725110726427165,D115,Pred,D115V
478,W,D115_Pred,-1.2738338175,D115,Pred,D115W
479,Y,D115_Pred,-1.595613361860236,D115,Pred,D115Y
480,A,D116_Exp,0.0,D116,Exp,D116A
481,C,D116_Exp,0.0,D116,Exp,D116C
482,D,D116_Exp,0.0,D116,Exp,D116D
483,E,D116_Exp,0.5302617153949569,D116,Exp,D116E
484,F,D116_Exp,0.0,D116,Exp,D116F
485,G,D116_Exp,0.0,D116,Exp,D116G
486,H,D116_Exp,0.0,D116,Exp,D116H
487,I,D116_Exp,0.0,D116,Exp,D116I
488,K,D116_Exp,0.0,D116,Exp,D116K
489,L,D116_Exp,0.0,D116,Exp,D116L
490,M,D116_Exp,0.0,D116,Exp,D116M
491,N,D116_Exp,0.0,D116,Exp,D116N
492,P,D116_Exp,0.0,D116,Exp,D116P
493,Q,D116_Exp,0.0,D116,Exp,D116Q
494,R,D116_Exp,0.0,D116,Exp,D116R
495,S,D116_Exp,0.0,D116,Exp,D116S
496,T,D116_Exp,0.0,D116,Exp,D116T
497,V,D116_Exp,0.0,D116,Exp,D116V
498,W,D116_Exp,0.0,D116,Exp,D116W
499,Y,D116_Exp,0.0,D116,Exp,D116Y
500,A,D116_Pred,-0.748,D116,Pred,D116A
501,C,D116_Pred,-1.048,D116,Pred,D116C
502,D,D116_Pred,0.0,D116,Pred,D116D
503,E,D116_Pred,-0.27675,D116,Pred,D116E
504,F,D116_Pred,-2.9145,D116,Pred,D116F
505,G,D116_Pred,-0.0825,D116,Pred,D116G
506,H,D116_Pred,-1.1335,D116,Pred,D116H
507,I,D116_Pred,-0.8604720839895015,D116,Pred,D116I
508,K,D116_Pred,-0.766,D116,Pred,D116K
509,L,D116_Pred,-1.3663141080708665,D116,Pred,D116L
510,M,D116_Pred,-1.68175,D116,Pred,D116M
511,N,D116_Pred,-1.2765,D116,Pred,D116N
512,P,D116_Pred,-0.273,D116,Pred,D116P
513,Q,D116_Pred,-1.437,D116,Pred,D116Q
514,R,D116_Pred,-2.21475,D116,Pred,D116R
515,S,D116_Pred,-1.01475,D116,Pred,D116S
516,T,D116_Pred,-1.063,D116,Pred,D116T
517,V,D116_Pred,-1.0932202749212598,D116,Pred,D116V
518,W,D116_Pred,-1.6865,D116,Pred,D116W
519,Y,D116_Pred,-2.50525,D116,Pred,D116Y
520,A,S127_Exp,0.0,S127,Exp,S127A
521,C,S127_Exp,0.0,S127,Exp,S127C
522,D,S127_Exp,0.0,S127,Exp,S127D
523,E,S127_Exp,0.0,S127,Exp,S127E
524,F,S127_Exp,0.0,S127,Exp,S127F
525,G,S127_Exp,0.0,S127,Exp,S127G
526,H,S127_Exp,0.0,S127,Exp,S127H
527,I,S127_Exp,0.0,S127,Exp,S127I
528,K,S127_Exp,0.0,S127,Exp,S127K
529,L,S127_Exp,0.0,S127,Exp,S127L
530,M,S127_Exp,0.0,S127,Exp,S127M
531,N,S127_Exp,0.0,S127,Exp,S127N
532,P,S127_Exp,0.0,S127,Exp,S127P
533,Q,S127_Exp,0.0,S127,Exp,S127Q
534,R,S127_Exp,0.0,S127,Exp,S127R
535,S,S127_Exp,0.0,S127,Exp,S127S
536,T,S127_Exp,0.0,S127,Exp,S127T
537,V,S127_Exp,0.0,S127,Exp,S127V
538,W,S127_Exp,0.0,S127,Exp,S127W
539,Y,S127_Exp,0.0,S127,Exp,S127Y
540,A,S127_Pred,-0.02625,S127,Pred,S127A
541,C,S127_Pred,-0.21675,S127,Pred,S127C
542,D,S127_Pred,0.0327388240846456,S127,Pred,S127D
543,E,S127_Pred,0.88775,S127,Pred,S127E
544,F,S127_Pred,-0.4015,S127,Pred,S127F
545,G,S127_Pred,0.0945,S127,Pred,S127G
546,H,S127_Pred,-0.88125,S127,Pred,S127H
547,I,S127_Pred,-0.3725529756594488,S127,Pred,S127I
548,K,S127_Pred,-0.021,S127,Pred,S127K
549,L,S127_Pred,0.8500000000000001,S127,Pred,S127L
550,M,S127_Pred,0.3619999999999999,S127,Pred,S127M
551,N,S127_Pred,-0.67425,S127,Pred,S127N
552,P,S127_Pred,0.7575000000000001,S127,Pred,S127P
553,Q,S127_Pred,-0.209,S127,Pred,S127Q
554,R,S127_Pred,-1.5935,S127,Pred,S127R
555,S,S127_Pred,0.0,S127,Pred,S127S
556,T,S127_Pred,0.0795,S127,Pred,S127T
557,V,S127_Pred,-0.53575,S127,Pred,S127V
558,W,S127_Pred,-0.7705283008858269,S127,Pred,S127W
559,Y,S127_Pred,-0.81575,S127,Pred,S127Y
560,A,V128_Exp,0.08427587,V128,Exp,V128A
561,C,V128_Exp,0.0,V128,Exp,V128C
562,D,V128_Exp,0.0,V128,Exp,V128D
563,E,V128_Exp,0.0,V128,Exp,V128E
564,F,V128_Exp,0.0,V128,Exp,V128F
565,G,V128_Exp,0.9631443726201816,V128,Exp,V128G
566,H,V128_Exp,0.0,V128,Exp,V128H
567,I,V128_Exp,0.0,V128,Exp,V128I
568,K,V128_Exp,0.0,V128,Exp,V128K
569,L,V128_Exp,0.5213680022349747,V128,Exp,V128L
570,M,V128_Exp,0.5955284469075481,V128,Exp,V128M
571,N,V128_Exp,0.2520946026904802,V128,Exp,V128N
572,P,V128_Exp,0.0,V128,Exp,V128P
573,Q,V128_Exp,1.1860748027008263,V128,Exp,V128Q
574,R,V128_Exp,0.0,V128,Exp,V128R
575,S,V128_Exp,0.5980461031287945,V128,Exp,V128S
576,T,V128_Exp,0.4169048513364721,V128,Exp,V128T
577,V,V128_Exp,0.0,V128,Exp,V128V
578,W,V128_Exp,0.0,V128,Exp,V128W
579,Y,V128_Exp,0.0,V128,Exp,V128Y
580,A,V128_Pred,4.1865,V128,Pred,V128A
581,C,V128_Pred,3.13375,V128,Pred,V128C
582,D,V128_Pred,5.142389413774606,V128,Pred,V128D
583,E,V128_Pred,3.7513830761811024,V128,Pred,V128E
584,F,V128_Pred,3.796,V128,Pred,V128F
585,G,V128_Pred,5.946362983700788,V128,Pred,V128G
586,H,V128_Pred,1.0892521118799212,V128,Pred,V128H
587,I,V128_Pred,-1.4825,V128,Pred,V128I
588,K,V128_Pred,6.553770681574805,V128,Pred,V128K
589,L,V128_Pred,2.0825,V128,Pred,V128L
590,M,V128_Pred,-0.0265,V128,Pred,V128M
591,N,V128_Pred,3.2565,V128,Pred,V128N
592,P,V128_Pred,2.7030124192667326,V128,Pred,V128P
593,Q,V128_Pred,1.24025,V128,Pred,V128Q
594,R,V128_Pred,2.5744071721653548,V128,Pred,V128R
595,S,V128_Pred,2.69025,V128,Pred,V128S
596,T,V128_Pred,0.26675,V128,Pred,V128T
597,V,V128_Pred,0.0,V128,Pred,V128V
598,W,V128_Pred,4.652984656358267,V128,Pred,V128W
599,Y,V128_Pred,4.224463870620078,V128,Pred,V128Y
600,A,G129_Exp,0.0,G129,Exp,G129A
601,C,G129_Exp,0.0,G129,Exp,G129C
602,D,G129_Exp,0.0,G129,Exp,G129D
603,E,G129_Exp,0.0,G129,Exp,G129E
604,F,G129_Exp,0.0,G129,Exp,G129F
605,G,G129_Exp,0.0,G129,Exp,G129G
606,H,G129_Exp,0.0,G129,Exp,G129H
607,I,G129_Exp,0.0,G129,Exp,G129I
608,K,G129_Exp,0.0,G129,Exp,G129K
609,L,G129_Exp,0.0,G129,Exp,G129L
610,M,G129_Exp,0.0,G129,Exp,G129M
611,N,G129_Exp,0.0,G129,Exp,G129N
612,P,G129_Exp,0.0,G129,Exp,G129P
613,Q,G129_Exp,0.0,G129,Exp,G129Q
614,R,G129_Exp,0.0,G129,Exp,G129R
615,S,G129_Exp,0.0,G129,Exp,G129S
616,T,G129_Exp,0.0,G129,Exp,G129T
617,V,G129_Exp,0.0,G129,Exp,G129V
618,W,G129_Exp,0.0,G129,Exp,G129W
619,Y,G129_Exp,0.0,G129,Exp,G129Y
620,A,G129_Pred,-0.87475,G129,Pred,G129A
621,C,G129_Pred,-2.1358763634005906,G129,Pred,G129C
622,D,G129_Pred,0.4460516383464565,G129,Pred,G129D
623,E,G129_Pred,0.9331151235826772,G129,Pred,G129E
624,F,G129_Pred,-0.0,G129,Pred,G129F
625,G,G129_Pred,0.0,G129,Pred,G129G
626,H,G129_Pred,-2.7607142390452752,G129,Pred,G129H
627,I,G129_Pred,0.0739560581036751,G129,Pred,G129I
628,K,G129_Pred,-0.7614245247342519,G129,Pred,G129K
629,L,G129_Pred,-0.2159663252624679,G129,Pred,G129L
630,M,G129_Pred,-2.991938711811024,G129,Pred,G129M
631,N,G129_Pred,-2.403213739606298,G129,Pred,G129N
632,P,G129_Pred,2.1053724473425204,G129,Pred,G129P
633,Q,G129_Pred,-2.0209099319881885,G129,Pred,G129Q
634,R,G129_Pred,-1.116528527765748,G129,Pred,G129R
635,S,G129_Pred,-2.415479511417323,G129,Pred,G129S
636,T,G129_Pred,-3.4654318364025585,G129,Pred,G129T
637,V,G129_Pred,2.549775725118111,G129,Pred,G129V
638,W,G129_Pred,-0.0,G129,Pred,G129W
639,Y,G129_Pred,0.0,G129,Pred,G129Y
640,A,S130_Exp,0.0,S130,Exp,S130A
641,C,S130_Exp,0.0,S130,Exp,S130C
642,D,S130_Exp,0.0,S130,Exp,S130D
643,E,S130_Exp,0.0,S130,Exp,S130E
644,F,S130_Exp,0.0,S130,Exp,S130F
645,G,S130_Exp,0.0,S130,Exp,S130G
646,H,S130_Exp,0.0,S130,Exp,S130H
647,I,S130_Exp,0.0,S130,Exp,S130I
648,K,S130_Exp,0.0,S130,Exp,S130K
649,L,S130_Exp,0.0,S130,Exp,S130L
650,M,S130_Exp,0.0,S130,Exp,S130M
651,N,S130_Exp,0.0,S130,Exp,S130N
652,P,S130_Exp,0.0,S130,Exp,S130P
653,Q,S130_Exp,0.0,S130,Exp,S130Q
654,R,S130_Exp,0.0,S130,Exp,S130R
655,S,S130_Exp,0.0,S130,Exp,S130S
656,T,S130_Exp,0.0,S130,Exp,S130T
657,V,S130_Exp,0.0,S130,Exp,S130V
658,W,S130_Exp,0.0,S130,Exp,S130W
659,Y,S130_Exp,0.0,S130,Exp,S130Y
660,A,S130_Pred,-0.20875,S130,Pred,S130A
661,C,S130_Pred,-1.27625,S130,Pred,S130C
662,D,S130_Pred,0.7638252586614173,S130,Pred,S130D
663,E,S130_Pred,-1.456941848346457,S130,Pred,S130E
664,F,S130_Pred,-0.1238102853543307,S130,Pred,S130F
665,G,S130_Pred,0.3912023411466535,S130,Pred,S130G
666,H,S130_Pred,-1.6714317899704725,S130,Pred,S130H
667,I,S130_Pred,-1.7390784026771655,S130,Pred,S130I
668,K,S130_Pred,0.0697698832677164,S130,Pred,S130K
669,L,S130_Pred,-2.6174582149212595,S130,Pred,S130L
670,M,S130_Pred,-5.077592829074803,S130,Pred,S130M
671,N,S130_Pred,-0.98675,S130,Pred,S130N
672,P,S130_Pred,3.0290620785679128,S130,Pred,S130P
673,Q,S130_Pred,-4.11740727234252,S130,Pred,S130Q
674,R,S130_Pred,-1.91793725144357,S130,Pred,S130R
675,S,S130_Pred,0.0,S130,Pred,S130S
676,T,S130_Pred,-1.7025,S130,Pred,S130T
677,V,S130_Pred,-1.130590419507874,S130,Pred,S130V
678,W,S130_Pred,-2.8025215413779527,S130,Pred,S130W
679,Y,S130_Pred,-4.151444457268701,S130,Pred,S130Y
680,A,S132_Exp,0.0,S132,Exp,S132A
681,C,S132_Exp,0.0,S132,Exp,S132C
682,D,S132_Exp,0.0,S132,Exp,S132D
683,E,S132_Exp,1.3865332645232966,S132,Exp,S132E
684,F,S132_Exp,0.0,S132,Exp,S132F
685,G,S132_Exp,0.0,S132,Exp,S132G
686,H,S132_Exp,0.0,S132,Exp,S132H
687,I,S132_Exp,0.7141084391474006,S132,Exp,S132I
688,K,S132_Exp,0.7004441148401179,S132,Exp,S132K
689,L,S132_Exp,1.4835249809427316,S132,Exp,S132L
690,M,S132_Exp,1.8093240930987264,S132,Exp,S132M
691,N,S132_Exp,1.341818607170663,S132,Exp,S132N
692,P,S132_Exp,0.0,S132,Exp,S132P
693,Q,S132_Exp,1.770777233377209,S132,Exp,S132Q
694,R,S132_Exp,0.0,S132,Exp,S132R
695,S,S132_Exp,0.0,S132,Exp,S132S
696,T,S132_Exp,0.0,S132,Exp,S132T
697,V,S132_Exp,0.0,S132,Exp,S132V
698,W,S132_Exp,0.0,S132,Exp,S132W
699,Y,S132_Exp,0.0,S132,Exp,S132Y
700,A,S132_Pred,5.695,S132,Pred,S132A
701,C,S132_Pred,5.053,S132,Pred,S132C
702,D,S132_Pred,19.288,S132,Pred,S132D
703,E,S132_Pred,9.795,S132,Pred,S132E
704,F,S132_Pred,7.08673950464567,S132,Pred,S132F
705,G,S132_Pred,6.486,S132,Pred,S132G
706,H,S132_Pred,6.189,S132,Pred,S132H
707,I,S132_Pred,8.705720747152231,S132,Pred,S132I
708,K,S132_Pred,2.659,S132,Pred,S132K
709,L,S132_Pred,2.0277392138582675,S132,Pred,S132L
710,M,S132_Pred,7.82234688,S132,Pred,S132M
711,N,S132_Pred,-0.836,S132,Pred,S132N
712,P,S132_Pred,2.645,S132,Pred,S132P
713,Q,S132_Pred,11.486,S132,Pred,S132Q
714,R,S132_Pred,-2.609,S132,Pred,S132R
715,S,S132_Pred,0.0,S132,Pred,S132S
716,T,S132_Pred,3.606,S132,Pred,S132T
717,V,S132_Pred,0.5223307890354331,S132,Pred,S132V
718,W,S132_Pred,0.0618427644094488,S132,Pred,S132W
719,Y,S132_Pred,3.698444276220472,S132,Pred,S132Y
720,A,Y136_Exp,0.0,Y136,Exp,Y136A
721,C,Y136_Exp,0.0,Y136,Exp,Y136C
722,D,Y136_Exp,0.0,Y136,Exp,Y136D
723,E,Y136_Exp,0.0,Y136,Exp,Y136E
724,F,Y136_Exp,0.032097858,Y136,Exp,Y136F
725,G,Y136_Exp,0.0,Y136,Exp,Y136G
726,H,Y136_Exp,0.3512260756924945,Y136,Exp,Y136H
727,I,Y136_Exp,0.1593405494535815,Y136,Exp,Y136I
728,K,Y136_Exp,0.0,Y136,Exp,Y136K
729,L,Y136_Exp,0.0,Y136,Exp,Y136L
730,M,Y136_Exp,0.0,Y136,Exp,Y136M
731,N,Y136_Exp,0.0,Y136,Exp,Y136N
732,P,Y136_Exp,0.0,Y136,Exp,Y136P
733,Q,Y136_Exp,0.0,Y136,Exp,Y136Q
734,R,Y136_Exp,0.0,Y136,Exp,Y136R
735,S,Y136_Exp,0.0,Y136,Exp,Y136S
736,T,Y136_Exp,0.0,Y136,Exp,Y136T
737,V,Y136_Exp,0.1661799739838869,Y136,Exp,Y136V
738,W,Y136_Exp,0.5827164711475827,Y136,Exp,Y136W
739,Y,Y136_Exp,0.0,Y136,Exp,Y136Y
740,A,Y136_Pred,2.48425,Y136,Pred,Y136A
741,C,Y136_Pred,2.4425,Y136,Pred,Y136C
742,D,Y136_Pred,3.194,Y136,Pred,Y136D
743,E,Y136_Pred,3.26625,Y136,Pred,Y136E
744,F,Y136_Pred,1.247,Y136,Pred,Y136F
745,G,Y136_Pred,1.6266532724901577,Y136,Pred,Y136G
746,H,Y136_Pred,2.283,Y136,Pred,Y136H
747,I,Y136_Pred,1.92575,Y136,Pred,Y136I
748,K,Y136_Pred,1.68575,Y136,Pred,Y136K
749,L,Y136_Pred,1.6507500000000002,Y136,Pred,Y136L
750,M,Y136_Pred,0.9645,Y136,Pred,Y136M
751,N,Y136_Pred,2.21,Y136,Pred,Y136N
752,P,Y136_Pred,2.8006531315944883,Y136,Pred,Y136P
753,Q,Y136_Pred,2.2815,Y136,Pred,Y136Q
754,R,Y136_Pred,1.7775,Y136,Pred,Y136R
755,S,Y136_Pred,2.4075,Y136,Pred,Y136S
756,T,Y136_Pred,2.388,Y136,Pred,Y136T
757,V,Y136_Pred,2.3705000000000003,Y136,Pred,Y136V
758,W,Y136_Pred,1.865,Y136,Pred,Y136W
759,Y,Y136_Pred,0.0,Y136,Pred,Y136Y
760,A,A169_Exp,0.0,A169,Exp,A169A
761,C,A169_Exp,0.0,A169,Exp,A169C
762,D,A169_Exp,0.0,A169,Exp,A169D
763,E,A169_Exp,0.0,A169,Exp,A169E
764,F,A169_Exp,0.0,A169,Exp,A169F
765,G,A169_Exp,0.0,A169,Exp,A169G
766,H,A169_Exp,0.0,A169,Exp,A169H
767,I,A169_Exp,0.0,A169,Exp,A169I
768,K,A169_Exp,0.0,A169,Exp,A169K
769,L,A169_Exp,0.0,A169,Exp,A169L
770,M,A169_Exp,0.0,A169,Exp,A169M
771,N,A169_Exp,0.1158748556724909,A169,Exp,A169N
772,P,A169_Exp,0.0,A169,Exp,A169P
773,Q,A169_Exp,0.0,A169,Exp,A169Q
774,R,A169_Exp,0.0,A169,Exp,A169R
775,S,A169_Exp,0.0,A169,Exp,A169S
776,T,A169_Exp,0.0,A169,Exp,A169T
777,V,A169_Exp,0.0,A169,Exp,A169V
778,W,A169_Exp,0.0,A169,Exp,A169W
779,Y,A169_Exp,0.0,A169,Exp,A169Y
780,A,A169_Pred,0.0,A169,Pred,A169A
781,C,A169_Pred,0.36525,A169,Pred,A169C
782,D,A169_Pred,-1.57125,A169,Pred,A169D
783,E,A169_Pred,-1.6185,A169,Pred,A169E
784,F,A169_Pred,-3.1485,A169,Pred,A169F
785,G,A169_Pred,1.17225,A169,Pred,A169G
786,H,A169_Pred,-1.38675,A169,Pred,A169H
787,I,A169_Pred,-2.29425,A169,Pred,A169I
788,K,A169_Pred,1.7215,A169,Pred,A169K
789,L,A169_Pred,-2.7465,A169,Pred,A169L
790,M,A169_Pred,-6.735,A169,Pred,A169M
791,N,A169_Pred,-1.5815,A169,Pred,A169N
792,P,A169_Pred,-1.992,A169,Pred,A169P
793,Q,A169_Pred,-4.679,A169,Pred,A169Q
794,R,A169_Pred,-3.37125,A169,Pred,A169R
795,S,A169_Pred,-1.01325,A169,Pred,A169S
796,T,A169_Pred,-2.98425,A169,Pred,A169T
797,V,A169_Pred,0.0,A169,Pred,A169V
798,W,A169_Pred,-5.3355,A169,Pred,A169W
799,Y,A169_Pred,0.0,A169,Pred,A169Y
